{
  "neutral_yaw": 0.40999554294651275,
  "neutral_roll": 2.0948628565114062,
  "left_yaw": -22.615722983526304,
  "left_roll": 3.208054537977017,
  "right_yaw": 26.37629590463113,
  "right_roll": 2.124422162431534,
  "tilt_left_yaw": 7.522056961593897,
  "tilt_left_roll": 21.32953461664143,
  "tilt_right_yaw": -5.134029960701719,
  "tilt_right_roll": -17.55357511598229,
  "rom_yaw": 25.96630036168462,
  "rom_roll": 19.648437972493696,
  "deadzone_yaw": 8.0,
  "deadzone_roll": 8.0
}