{
  "neutral_yaw": 2.102721932789363,
  "neutral_roll": 2.1850683834022524,
  "left_yaw": -10.540480677795584,
  "left_roll": 6.637467561009785,
  "right_yaw": 14.563725652442455,
  "right_roll": -4.118984067262683,
  "tilt_left_yaw": 9.596296276846964,
  "tilt_left_roll": 18.262978059336156,
  "tilt_right_yaw": -6.6981114027655,
  "tilt_right_roll": -17.550178705786305,
  "rom_yaw": 12.643202610584947,
  "rom_roll": 19.735247089188558,
  "deadzone_yaw": 8.0,
  "deadzone_roll": 8.0
}