{
  "neutral_yaw": 1.6585541956309802,
  "neutral_roll": -0.16335343134706537,
  "left_yaw": -26.907200254664026,
  "left_roll": 5.165355697852758,
  "right_yaw": 24.21104814391008,
  "right_roll": -2.388148048678476,
  "tilt_left_yaw": 7.058220338036766,
  "tilt_left_roll": 22.6747451037085,
  "tilt_right_yaw": -10.868890699769455,
  "tilt_right_roll": -23.06615780125841,
  "rom_yaw": 28.565754450295007,
  "rom_roll": 22.902804369911344,
  "deadzone_yaw": 8.0,
  "deadzone_roll": 8.0
}